Year	Edad	MinEdad	Sexo	Millares
1971	0 a 4	0	Hombres	1645355.23
1971	0 a 4	0	Mujeres	1564137.1
1971	5 a 9	5	Hombres	1648338.28
1971	5 a 9	5	Mujeres	1571615.04
1971	10 a 14	10	Hombres	1547186.86
1971	10 a 14	10	Mujeres	1483007.55
1971	15 a 19	15	Hombres	1372109.66
1971	15 a 19	15	Mujeres	1337224.36
1971	20 a 24	20	Hombres	1287653.14
1971	20 a 24	20	Mujeres	1261098.8
1971	25 a 29	25	Hombres	1120907.31
1971	25 a 29	25	Mujeres	1118575.53
1971	30 a 34	30	Hombres	1026226.27
1971	30 a 34	30	Mujeres	1047758.86
1971	35 a 39	35	Hombres	1187517.93
1971	35 a 39	35	Mujeres	1202252.04
1971	40 a 44	40	Hombres	1148550.09
1971	40 a 44	40	Mujeres	1176850.17
1971	45 a 49	45	Hombres	1050224.27
1971	45 a 49	45	Mujeres	1083343.08
1971	50 a 54	50	Hombres	807312.29
1971	50 a 54	50	Mujeres	920140.23
1971	55 a 59	55	Hombres	751939.84
1971	55 a 59	55	Mujeres	878954.94
1971	60 a 64	60	Hombres	692288.42
1971	60 a 64	60	Mujeres	819402.12
1971	65 a 69	65	Hombres	561826.41
1971	65 a 69	65	Mujeres	706929.32
1971	70 a 74	70	Hombres	379974.29
1971	70 a 74	70	Mujeres	532814.78
1971	75 a 79	75	Hombres	230816.69
1971	75 a 79	75	Mujeres	354654.73
1971	80 a 84	80	Hombres	121980.31
1971	80 a 84	80	Mujeres	214414.72
1971	85 y más	85	Hombres	61536.76
1971	85 y más	85	Mujeres	125724.58
1972	0 a 4	0	Hombres	1654568.3439
1972	0 a 4	0	Mujeres	1569995.6639
1972	5 a 9	5	Hombres	1665572.8066
1972	5 a 9	5	Mujeres	1589617.5482
1972	10 a 14	10	Hombres	1570776.7182
1972	10 a 14	10	Mujeres	1505972.8732
1972	15 a 19	15	Hombres	1390526.088
1972	15 a 19	15	Mujeres	1355228.1052
1972	20 a 24	20	Hombres	1302702.5205
1972	20 a 24	20	Mujeres	1273539.4392
1972	25 a 29	25	Hombres	1168578.6734
1972	25 a 29	25	Mujeres	1165433.0147
1972	30 a 34	30	Hombres	982754.8479
1972	30 a 34	30	Mujeres	989194.5532
1972	35 a 39	35	Hombres	1185426.955
1972	35 a 39	35	Mujeres	1212533.3128
1972	40 a 44	40	Hombres	1157884.9493
1972	40 a 44	40	Mujeres	1182639.1764
1972	45 a 49	45	Hombres	1067573.8383
1972	45 a 49	45	Mujeres	1107253.2496
1972	50 a 54	50	Hombres	854675.644
1972	50 a 54	50	Mujeres	944784.915
1972	55 a 59	55	Hombres	745396.7343
1972	55 a 59	55	Mujeres	877959.1663
1972	60 a 64	60	Hombres	697350.1236
1972	60 a 64	60	Mujeres	826641.583
1972	65 a 69	65	Hombres	573288.7798
1972	65 a 69	65	Mujeres	727103.2459
1972	70 a 74	70	Hombres	387625.8892
1972	70 a 74	70	Mujeres	538355.5081
1972	75 a 79	75	Hombres	240957.2251
1972	75 a 79	75	Mujeres	374392.7438
1972	80 a 84	80	Hombres	120786.0728
1972	80 a 84	80	Mujeres	212212.4208
1972	85 y más	85	Hombres	61495.2932
1972	85 y más	85	Mujeres	127540.0926
1973	0 a 4	0	Hombres	1661051.7948
1973	0 a 4	0	Mujeres	1573363.4742
1973	5 a 9	5	Hombres	1680620.3639
1973	5 a 9	5	Mujeres	1604789.2456
1973	10 a 14	10	Hombres	1585257.3329
1973	10 a 14	10	Mujeres	1519993.95
1973	15 a 19	15	Hombres	1408878.8812
1973	15 a 19	15	Mujeres	1371802.0724
1973	20 a 24	20	Hombres	1320479.7476
1973	20 a 24	20	Mujeres	1292492.3764
1973	25 a 29	25	Hombres	1212631.3967
1973	25 a 29	25	Mujeres	1202354.0276
1973	30 a 34	30	Hombres	979857.1146
1973	30 a 34	30	Mujeres	984988.5915
1973	35 a 39	35	Hombres	1151193.9964
1973	35 a 39	35	Mujeres	1176144.4026
1973	40 a 44	40	Hombres	1180136.3307
1973	40 a 44	40	Mujeres	1202927.6699
1973	45 a 49	45	Hombres	1074444.6002
1973	45 a 49	45	Mujeres	1108737.7046
1973	50 a 54	50	Hombres	906761.2709
1973	50 a 54	50	Mujeres	987570.6551
1973	55 a 59	55	Hombres	739953.1314
1973	55 a 59	55	Mujeres	872758.7442
1973	60 a 64	60	Hombres	703009.6899
1973	60 a 64	60	Mujeres	840745.7948
1973	65 a 69	65	Hombres	582856.8692
1973	65 a 69	65	Mujeres	735834.622
1973	70 a 74	70	Hombres	408129.8919
1973	70 a 74	70	Mujeres	566464.6709
1973	75 a 79	75	Hombres	244592.7281
1973	75 a 79	75	Mujeres	379970.1731
1973	80 a 84	80	Hombres	125932.2494
1973	80 a 84	80	Mujeres	222914.3428
1973	85 y más	85	Hombres	62184.674
1973	85 y más	85	Mujeres	128775.7905
1974	0 a 4	0	Hombres	1673728.3774
1974	0 a 4	0	Mujeres	1585329.0634
1974	5 a 9	5	Hombres	1682000.4087
1974	5 a 9	5	Mujeres	1602463.5835
1974	10 a 14	10	Hombres	1601890.8478
1974	10 a 14	10	Mujeres	1540088.0621
1974	15 a 19	15	Hombres	1441534.1257
1974	15 a 19	15	Mujeres	1398057.8356
1974	20 a 24	20	Hombres	1310139.4138
1974	20 a 24	20	Mujeres	1281155.2356
1974	25 a 29	25	Hombres	1246218.2505
1974	25 a 29	25	Mujeres	1236384.2825
1974	30 a 34	30	Hombres	1033297.8694
1974	30 a 34	30	Mujeres	1032483.4606
1974	35 a 39	35	Hombres	1089696.4477
1974	35 a 39	35	Mujeres	1114697.5129
1974	40 a 44	40	Hombres	1192334.124
1974	40 a 44	40	Mujeres	1211392.9459
1974	45 a 49	45	Hombres	1092539.7838
1974	45 a 49	45	Mujeres	1131046.1093
1974	50 a 54	50	Hombres	952500.7779
1974	50 a 54	50	Mujeres	1014158.213
1974	55 a 59	55	Hombres	740610.4997
1974	55 a 59	55	Mujeres	878430.8125
1974	60 a 64	60	Hombres	703616.5915
1974	60 a 64	60	Mujeres	847782.8407
1974	65 a 69	65	Hombres	592382.5911
1974	65 a 69	65	Mujeres	745835.4799
1974	70 a 74	70	Hombres	426521.6995
1974	70 a 74	70	Mujeres	589939.1794
1974	75 a 79	75	Hombres	250656.0668
1974	75 a 79	75	Mujeres	389714.7999
1974	80 a 84	80	Hombres	125705.2587
1974	80 a 84	80	Mujeres	223625.8119
1974	85 y más	85	Hombres	64690.1885
1974	85 y más	85	Mujeres	134645.1148
1975	0 a 4	0	Hombres	1694328.0109
1975	0 a 4	0	Mujeres	1604447.4793
1975	5 a 9	5	Hombres	1667811.5558
1975	5 a 9	5	Mujeres	1587182.5743
1975	10 a 14	10	Hombres	1635856.8723
1975	10 a 14	10	Mujeres	1570921.0954
1975	15 a 19	15	Hombres	1478650.8793
1975	15 a 19	15	Mujeres	1430982.9985
1975	20 a 24	20	Hombres	1310847.3739
1975	20 a 24	20	Mujeres	1282627.5353
1975	25 a 29	25	Hombres	1261346.6675
1975	25 a 29	25	Mujeres	1249528.5459
1975	30 a 34	30	Hombres	1112951.1042
1975	30 a 34	30	Mujeres	1107794.3484
1975	35 a 39	35	Hombres	1016055.3237
1975	35 a 39	35	Mujeres	1040310.7931
1975	40 a 44	40	Hombres	1195140.7543
1975	40 a 44	40	Mujeres	1216367.3171
1975	45 a 49	45	Hombres	1104472.1956
1975	45 a 49	45	Mujeres	1140685.5248
1975	50 a 54	50	Hombres	1001299.0757
1975	50 a 54	50	Mujeres	1054998.4719
1975	55 a 59	55	Hombres	740305.8492
1975	55 a 59	55	Mujeres	871489.4265
1975	60 a 64	60	Hombres	705833.2914
1975	60 a 64	60	Mujeres	859258.7879
1975	65 a 69	65	Hombres	603442.0831
1975	65 a 69	65	Mujeres	753858.5465
1975	70 a 74	70	Hombres	443735.4342
1975	70 a 74	70	Mujeres	622451.948
1975	75 a 79	75	Hombres	253504.6
1975	75 a 79	75	Mujeres	389839.9924
1975	80 a 84	80	Hombres	128225.5414
1975	80 a 84	80	Mujeres	231651.1149
1975	85 y más	85	Hombres	65564.3671
1975	85 y más	85	Mujeres	135607.7651
1976	0 a 4	0	Hombres	1702163.4773
1976	0 a 4	0	Mujeres	1606877.5399
1976	5 a 9	5	Hombres	1666532.935
1976	5 a 9	5	Mujeres	1583738.7232
1976	10 a 14	10	Hombres	1657092.2454
1976	10 a 14	10	Mujeres	1583867.203
1976	15 a 19	15	Hombres	1512963.596
1976	15 a 19	15	Mujeres	1469975.2757
1976	20 a 24	20	Hombres	1324836.1351
1976	20 a 24	20	Mujeres	1296553.1047
1976	25 a 29	25	Hombres	1259470.0982
1976	25 a 29	25	Mujeres	1242781.8397
1976	30 a 34	30	Hombres	1120274.8546
1976	30 a 34	30	Mujeres	1115632.1854
1976	35 a 39	35	Hombres	1027031.5535
1976	35 a 39	35	Mujeres	1048270.8555
1976	40 a 44	40	Hombres	1181445.0269
1976	40 a 44	40	Mujeres	1198775.1433
1976	45 a 49	45	Hombres	1131975.5068
1976	45 a 49	45	Mujeres	1166770.2362
1976	50 a 54	50	Hombres	1023439.6926
1976	50 a 54	50	Mujeres	1068953.7214
1976	55 a 59	55	Hombres	769246.2465
1976	55 a 59	55	Mujeres	898634.0591
1976	60 a 64	60	Hombres	701394.5888
1976	60 a 64	60	Mujeres	852177.009
1976	65 a 69	65	Hombres	611658.8447
1976	65 a 69	65	Mujeres	770599.4833
1976	70 a 74	70	Hombres	455270.4196
1976	70 a 74	70	Mujeres	624797.039
1976	75 a 79	75	Hombres	267745.3322
1976	75 a 79	75	Mujeres	423912.5099
1976	80 a 84	80	Hombres	131894.0873
1976	80 a 84	80	Mujeres	236658.8131
1976	85 y más	85	Hombres	68126.6449
1976	85 y más	85	Mujeres	144889.302
1977	0 a 4	0	Hombres	1706686.5467
1977	0 a 4	0	Mujeres	1610352.358
1977	5 a 9	5	Hombres	1669640.4425
1977	5 a 9	5	Mujeres	1582822.9539
1977	10 a 14	10	Hombres	1682842.5461
1977	10 a 14	10	Mujeres	1606941.6006
1977	15 a 19	15	Hombres	1542748.0705
1977	15 a 19	15	Mujeres	1498972.219
1977	20 a 24	20	Hombres	1343925.6281
1977	20 a 24	20	Mujeres	1316310.7296
1977	25 a 29	25	Hombres	1269173.4424
1977	25 a 29	25	Mujeres	1250055.5693
1977	30 a 34	30	Hombres	1163909.0202
1977	30 a 34	30	Mujeres	1160648.2968
1977	35 a 39	35	Hombres	984625.507
1977	35 a 39	35	Mujeres	989401.1381
1977	40 a 44	40	Hombres	1179459.8519
1977	40 a 44	40	Mujeres	1210204.7813
1977	45 a 49	45	Hombres	1142609.1091
1977	45 a 49	45	Mujeres	1173006.8696
1977	50 a 54	50	Hombres	1041118.1684
1977	50 a 54	50	Mujeres	1093226.8384
1977	55 a 59	55	Hombres	814296.3026
1977	55 a 59	55	Mujeres	922168.3671
1977	60 a 64	60	Hombres	696534.4129
1977	60 a 64	60	Mujeres	852760.5707
1977	65 a 69	65	Hombres	619317.897
1977	65 a 69	65	Mujeres	780361.3967
1977	70 a 74	70	Hombres	465597.8652
1977	70 a 74	70	Mujeres	644047.206
1977	75 a 79	75	Hombres	276435.4096
1977	75 a 79	75	Mujeres	432523.0896
1977	80 a 84	80	Hombres	140221.9746
1977	80 a 84	80	Mujeres	252198.8406
1977	85 y más	85	Hombres	68179.6654
1977	85 y más	85	Mujeres	145874.5206
1978	0 a 4	0	Hombres	1698035.1316
1978	0 a 4	0	Mujeres	1598592.1942
1978	5 a 9	5	Hombres	1673446.976
1978	5 a 9	5	Mujeres	1585063.5821
1978	10 a 14	10	Hombres	1702475.1336
1978	10 a 14	10	Mujeres	1624137.9396
1978	15 a 19	15	Hombres	1562955.8898
1978	15 a 19	15	Mujeres	1518331.9938
1978	20 a 24	20	Hombres	1367657.016
1978	20 a 24	20	Mujeres	1338583.8137
1978	25 a 29	25	Hombres	1280160.2775
1978	25 a 29	25	Mujeres	1261261.9472
1978	30 a 34	30	Hombres	1203194.43
1978	30 a 34	30	Mujeres	1196823.3151
1978	35 a 39	35	Hombres	981691.7063
1978	35 a 39	35	Mujeres	984360.8739
1978	40 a 44	40	Hombres	1145813.4212
1978	40 a 44	40	Mujeres	1173455.5397
1978	45 a 49	45	Hombres	1165267.3584
1978	45 a 49	45	Mujeres	1195365.8484
1978	50 a 54	50	Hombres	1048993.2012
1978	50 a 54	50	Mujeres	1094940.4861
1978	55 a 59	55	Hombres	864443.1981
1978	55 a 59	55	Mujeres	964509.8449
1978	60 a 64	60	Hombres	689976.4815
1978	60 a 64	60	Mujeres	847190.0612
1978	65 a 69	65	Hombres	626314.8113
1978	65 a 69	65	Mujeres	795488.3355
1978	70 a 74	70	Hombres	475575.2626
1978	70 a 74	70	Mujeres	654679.9137
1978	75 a 79	75	Hombres	293106.8872
1978	75 a 79	75	Mujeres	457879.5961
1978	80 a 84	80	Hombres	143070.4298
1978	80 a 84	80	Mujeres	256406.2915
1978	85 y más	85	Hombres	71040.4624
1978	85 y más	85	Mujeres	153787.6174
1979	0 a 4	0	Hombres	1679394.7285
1979	0 a 4	0	Mujeres	1578682.4086
1979	5 a 9	5	Hombres	1684260.767
1979	5 a 9	5	Mujeres	1591326.5824
1979	10 a 14	10	Hombres	1704655.6898
1979	10 a 14	10	Mujeres	1623765.4914
1979	15 a 19	15	Hombres	1588100.4362
1979	15 a 19	15	Mujeres	1544032.8178
1979	20 a 24	20	Hombres	1403060.0421
1979	20 a 24	20	Mujeres	1371966.9669
1979	25 a 29	25	Hombres	1265495.2459
1979	25 a 29	25	Mujeres	1242799.4455
1979	30 a 34	30	Hombres	1231792.8471
1979	30 a 34	30	Mujeres	1227227.9845
1979	35 a 39	35	Hombres	1034552.561
1979	35 a 39	35	Mujeres	1032038.3194
1979	40 a 44	40	Hombres	1085253.1202
1979	40 a 44	40	Mujeres	1113166.6672
1979	45 a 49	45	Hombres	1177445.166
1979	45 a 49	45	Mujeres	1203741.3686
1979	50 a 54	50	Hombres	1066833.1359
1979	50 a 54	50	Mujeres	1118043.6092
1979	55 a 59	55	Hombres	910515.4711
1979	55 a 59	55	Mujeres	991228.2468
1979	60 a 64	60	Hombres	689975.1324
1979	60 a 64	60	Mujeres	852492.1015
1979	65 a 69	65	Hombres	628095.7409
1979	65 a 69	65	Mujeres	803690.0793
1979	70 a 74	70	Hombres	486582.8399
1979	70 a 74	70	Mujeres	668402.9249
1979	75 a 79	75	Hombres	310235.5562
1979	75 a 79	75	Mujeres	479894.7435
1979	80 a 84	80	Hombres	147938.0412
1979	80 a 84	80	Mujeres	265223.0519
1979	85 y más	85	Hombres	73094.1588
1979	85 y más	85	Mujeres	160715.5582
1980	0 a 4	0	Hombres	1636708.4246
1980	0 a 4	0	Mujeres	1538628.7209
1980	5 a 9	5	Hombres	1697987.5821
1980	5 a 9	5	Mujeres	1600789.9771
1980	10 a 14	10	Hombres	1694359.0472
1980	10 a 14	10	Mujeres	1610377.003
1980	15 a 19	15	Hombres	1630114.4236
1980	15 a 19	15	Mujeres	1579956.1299
1980	20 a 24	20	Hombres	1442674.9649
1980	20 a 24	20	Mujeres	1411028.1482
1980	25 a 29	25	Hombres	1262523.185
1980	25 a 29	25	Mujeres	1241757.3715
1980	30 a 34	30	Hombres	1240892.8629
1980	30 a 34	30	Mujeres	1236906.7599
1980	35 a 39	35	Hombres	1112554.3075
1980	35 a 39	35	Mujeres	1104917.0798
1980	40 a 44	40	Hombres	1013401.0116
1980	40 a 44	40	Mujeres	1039897.1296
1980	45 a 49	45	Hombres	1179792.4167
1980	45 a 49	45	Mujeres	1208118.5164
1980	50 a 54	50	Hombres	1080572.3976
1980	50 a 54	50	Mujeres	1128152.8381
1980	55 a 59	55	Hombres	957911.9701
1980	55 a 59	55	Mujeres	1032878.8349
1980	60 a 64	60	Hombres	689528.8554
1980	60 a 64	60	Mujeres	846235.2468
1980	65 a 69	65	Hombres	632651.0278
1980	65 a 69	65	Mujeres	815042.2464
1980	70 a 74	70	Hombres	499033.9773
1980	70 a 74	70	Mujeres	682244.2175
1980	75 a 79	75	Hombres	324903.0126
1980	75 a 79	75	Mujeres	507100.5365
1980	80 a 84	80	Hombres	151384.0774
1980	80 a 84	80	Mujeres	269588.2443
1980	85 y más	85	Hombres	76519.4958
1980	85 y más	85	Mujeres	169807.7992
1981	0 a 4	0	Hombres	1582697.0273
1981	0 a 4	0	Mujeres	1490365.72
1981	5 a 9	5	Hombres	1703866.598
1981	5 a 9	5	Mujeres	1602916.0489
1981	10 a 14	10	Hombres	1695100.5397
1981	10 a 14	10	Mujeres	1609169.7149
1981	15 a 19	15	Hombres	1664767.03
1981	15 a 19	15	Mujeres	1596157.3235
1981	20 a 24	20	Hombres	1475372.6065
1981	20 a 24	20	Mujeres	1456606.5463
1981	25 a 29	25	Hombres	1277232.2565
1981	25 a 29	25	Mujeres	1255892.9883
1981	30 a 34	30	Hombres	1231317.5415
1981	30 a 34	30	Mujeres	1224412.3435
1981	35 a 39	35	Hombres	1118752.8052
1981	35 a 39	35	Mujeres	1112308.141
1981	40 a 44	40	Hombres	1024983.0159
1981	40 a 44	40	Mujeres	1047705.2721
1981	45 a 49	45	Hombres	1169018.2656
1981	45 a 49	45	Mujeres	1192978.9601
1981	50 a 54	50	Hombres	1104585.8187
1981	50 a 54	50	Mujeres	1152693.3102
1981	55 a 59	55	Hombres	982733.3667
1981	55 a 59	55	Mujeres	1049690.1457
1981	60 a 64	60	Hombres	715447.276
1981	60 a 64	60	Mujeres	869509.3955
1981	65 a 69	65	Hombres	632133.3984
1981	65 a 69	65	Mujeres	813215.2005
1981	70 a 74	70	Hombres	510023.6328
1981	70 a 74	70	Mujeres	701236.6835
1981	75 a 79	75	Hombres	335669.8862
1981	75 a 79	75	Mujeres	515457.2378
1981	80 a 84	80	Hombres	162592.7689
1981	80 a 84	80	Mujeres	296970.3223
1981	85 y más	85	Hombres	81155.0129
1981	85 y más	85	Mujeres	180654.9144
1982	0 a 4	0	Hombres	1528703.426
1982	0 a 4	0	Mujeres	1436496.0667
1982	5 a 9	5	Hombres	1704742.001
1982	5 a 9	5	Mujeres	1607020.9708
1982	10 a 14	10	Hombres	1686219.5434
1982	10 a 14	10	Mujeres	1597533.9186
1982	15 a 19	15	Hombres	1688947.1829
1982	15 a 19	15	Mujeres	1615994.0364
1982	20 a 24	20	Hombres	1512710.8199
1982	20 a 24	20	Mujeres	1489358.7597
1982	25 a 29	25	Hombres	1302846.3314
1982	25 a 29	25	Mujeres	1283199.2001
1982	30 a 34	30	Hombres	1239096.3105
1982	30 a 34	30	Mujeres	1229166.7683
1982	35 a 39	35	Hombres	1157004.8514
1982	35 a 39	35	Mujeres	1155214.3435
1982	40 a 44	40	Hombres	981284.7645
1982	40 a 44	40	Mujeres	987384.1071
1982	45 a 49	45	Hombres	1165162.4481
1982	45 a 49	45	Mujeres	1203575.1539
1982	50 a 54	50	Hombres	1116098.3368
1982	50 a 54	50	Mujeres	1159241.4149
1982	55 a 59	55	Hombres	1000892.2643
1982	55 a 59	55	Mujeres	1074559.0243
1982	60 a 64	60	Hombres	758848.7911
1982	60 a 64	60	Mujeres	892709.8487
1982	65 a 69	65	Hombres	627713.2978
1982	65 a 69	65	Mujeres	813736.5115
1982	70 a 74	70	Hombres	519388.6836
1982	70 a 74	70	Mujeres	712502.9253
1982	75 a 79	75	Hombres	344605.956
1982	75 a 79	75	Mujeres	533848.4326
1982	80 a 84	80	Hombres	171369.0363
1982	80 a 84	80	Mujeres	308967.7084
1982	85 y más	85	Hombres	85789.3915
1982	85 y más	85	Mujeres	189940.216
1983	0 a 4	0	Hombres	1465304.4939
1983	0 a 4	0	Mujeres	1373637.2013
1983	5 a 9	5	Hombres	1692043.9732
1983	5 a 9	5	Mujeres	1596124.7955
1983	10 a 14	10	Hombres	1684355.3338
1983	10 a 14	10	Mujeres	1596177.9056
1983	15 a 19	15	Hombres	1701062.7524
1983	15 a 19	15	Mujeres	1625767.9204
1983	20 a 24	20	Hombres	1536264.4723
1983	20 a 24	20	Mujeres	1507883.4929
1983	25 a 29	25	Hombres	1336013.0858
1983	25 a 29	25	Mujeres	1315584.6217
1983	30 a 34	30	Hombres	1250585.938
1983	30 a 34	30	Mujeres	1239120.4315
1983	35 a 39	35	Hombres	1191951.7417
1983	35 a 39	35	Mujeres	1190418.4365
1983	40 a 44	40	Hombres	975344.0403
1983	40 a 44	40	Mujeres	980194.8509
1983	45 a 49	45	Hombres	1129870.2134
1983	45 a 49	45	Mujeres	1164971.3234
1983	50 a 54	50	Hombres	1137515.0162
1983	50 a 54	50	Mujeres	1181865.0443
1983	55 a 59	55	Hombres	1009735.2811
1983	55 a 59	55	Mujeres	1076990.5294
1983	60 a 64	60	Hombres	808181.3809
1983	60 a 64	60	Mujeres	935589.4516
1983	65 a 69	65	Hombres	621172.6628
1983	65 a 69	65	Mujeres	807312.4476
1983	70 a 74	70	Hombres	527103.6185
1983	70 a 74	70	Mujeres	727169.7498
1983	75 a 79	75	Hombres	355404.0976
1983	75 a 79	75	Mujeres	547600.2092
1983	80 a 84	80	Hombres	184025.454
1983	80 a 84	80	Mujeres	330372.6546
1983	85 y más	85	Hombres	89459.081
1983	85 y más	85	Mujeres	197977.7278
1984	0 a 4	0	Hombres	1392329.7066
1984	0 a 4	0	Mujeres	1305663.6658
1984	5 a 9	5	Hombres	1673858.3297
1984	5 a 9	5	Mujeres	1580988.2264
1984	10 a 14	10	Hombres	1690603.0122
1984	10 a 14	10	Mujeres	1599407.4932
1984	15 a 19	15	Hombres	1695106.2421
1984	15 a 19	15	Mujeres	1619962.5773
1984	20 a 24	20	Hombres	1562371.4116
1984	20 a 24	20	Mujeres	1529006.1919
1984	25 a 29	25	Hombres	1375955.2298
1984	25 a 29	25	Mujeres	1355513.9472
1984	30 a 34	30	Hombres	1240592.2322
1984	30 a 34	30	Mujeres	1224396.0851
1984	35 a 39	35	Hombres	1217698.3438
1984	35 a 39	35	Mujeres	1218528.779
1984	40 a 44	40	Hombres	1025036.6893
1984	40 a 44	40	Mujeres	1026568.1058
1984	45 a 49	45	Hombres	1068123.9347
1984	45 a 49	45	Mujeres	1103521.0219
1984	50 a 54	50	Hombres	1148133.3669
1984	50 a 54	50	Mujeres	1189317.0641
1984	55 a 59	55	Hombres	1026651.0216
1984	55 a 59	55	Mujeres	1099201.6632
1984	60 a 64	60	Hombres	853943.725
1984	60 a 64	60	Mujeres	964133.906
1984	65 a 69	65	Hombres	621237.1174
1984	65 a 69	65	Mujeres	811022.2884
1984	70 a 74	70	Hombres	529616.4976
1984	70 a 74	70	Mujeres	734940.2199
1984	75 a 79	75	Hombres	365677.3788
1984	75 a 79	75	Mujeres	562022.4775
1984	80 a 84	80	Hombres	195914.7317
1984	80 a 84	80	Mujeres	348314.3214
1984	85 y más	85	Hombres	92240.4937
1984	85 y más	85	Mujeres	205301.1327
1985	0 a 4	0	Hombres	1330650.8431
1985	0 a 4	0	Mujeres	1245224.6415
1985	5 a 9	5	Hombres	1636140.3108
1985	5 a 9	5	Mujeres	1547664.6291
1985	10 a 14	10	Hombres	1699536.7556
1985	10 a 14	10	Mujeres	1608258.2809
1985	15 a 19	15	Hombres	1680103.6187
1985	15 a 19	15	Mujeres	1603153.5941
1985	20 a 24	20	Hombres	1598378.8167
1985	20 a 24	20	Mujeres	1557013.8018
1985	25 a 29	25	Hombres	1419066.2324
1985	25 a 29	25	Mujeres	1397693.4229
1985	30 a 34	30	Hombres	1243606.4325
1985	30 a 34	30	Mujeres	1229033.0672
1985	35 a 39	35	Hombres	1226797.7458
1985	35 a 39	35	Mujeres	1228404.9378
1985	40 a 44	40	Hombres	1098950.4028
1985	40 a 44	40	Mujeres	1097728.3328
1985	45 a 49	45	Hombres	994973.3728
1985	45 a 49	45	Mujeres	1029242.3045
1985	50 a 54	50	Hombres	1148228.6745
1985	50 a 54	50	Mujeres	1190983.0571
1985	55 a 59	55	Hombres	1039888.8376
1985	55 a 59	55	Mujeres	1109381.9714
1985	60 a 64	60	Hombres	899341.4936
1985	60 a 64	60	Mujeres	1006042.9654
1985	65 a 69	65	Hombres	622231.1151
1985	65 a 69	65	Mujeres	806293.5813
1985	70 a 74	70	Hombres	533582.5792
1985	70 a 74	70	Mujeres	744979.0418
1985	75 a 79	75	Hombres	376856.7186
1985	75 a 79	75	Mujeres	575772.1134
1985	80 a 84	80	Hombres	205696.9846
1985	80 a 84	80	Mujeres	369762.1788
1985	85 y más	85	Hombres	95227.1936
1985	85 y más	85	Mujeres	211938.9251
1986	0 a 4	0	Hombres	1270500.4024
1986	0 a 4	0	Mujeres	1188154.5957
1986	5 a 9	5	Hombres	1585050.8174
1986	5 a 9	5	Mujeres	1502044.5776
1986	10 a 14	10	Hombres	1706457.0788
1986	10 a 14	10	Mujeres	1616194.5874
1986	15 a 19	15	Hombres	1676714.7732
1986	15 a 19	15	Mujeres	1598808.7109
1986	20 a 24	20	Hombres	1620754.3674
1986	20 a 24	20	Mujeres	1566227.687
1986	25 a 29	25	Hombres	1456130.668
1986	25 a 29	25	Mujeres	1440421.5252
1986	30 a 34	30	Hombres	1265467.2341
1986	30 a 34	30	Mujeres	1251440.9497
1986	35 a 39	35	Hombres	1217548.6335
1986	35 a 39	35	Mujeres	1215917.8417
1986	40 a 44	40	Hombres	1104010.4502
1986	40 a 44	40	Mujeres	1105439.0971
1986	45 a 49	45	Hombres	1003285.1834
1986	45 a 49	45	Mujeres	1034246.6105
1986	50 a 54	50	Hombres	1135548.4052
1986	50 a 54	50	Mujeres	1175874.8829
1986	55 a 59	55	Hombres	1061490.3667
1986	55 a 59	55	Mujeres	1131754.4426
1986	60 a 64	60	Hombres	924140.4311
1986	60 a 64	60	Mujeres	1024189.0176
1986	65 a 69	65	Hombres	646309.3609
1986	65 a 69	65	Mujeres	829152.1373
1986	70 a 74	70	Hombres	532543.9859
1986	70 a 74	70	Mujeres	743297.5614
1986	75 a 79	75	Hombres	385191.9966
1986	75 a 79	75	Mujeres	592423.4966
1986	80 a 84	80	Hombres	212856.7183
1986	80 a 84	80	Mujeres	378582.5541
1986	85 y más	85	Hombres	102122.8527
1986	85 y más	85	Mujeres	230901.2615
1987	0 a 4	0	Hombres	1211259.245
1987	0 a 4	0	Mujeres	1136091.2148
1987	5 a 9	5	Hombres	1525572.6482
1987	5 a 9	5	Mujeres	1443427.1212
1987	10 a 14	10	Hombres	1708622.3641
1987	10 a 14	10	Mujeres	1623125.5322
1987	15 a 19	15	Hombres	1675727.4288
1987	15 a 19	15	Mujeres	1594949.5085
1987	20 a 24	20	Hombres	1641228.9922
1987	20 a 24	20	Mujeres	1582936.9256
1987	25 a 29	25	Hombres	1488801.1909
1987	25 a 29	25	Mujeres	1468871.5271
1987	30 a 34	30	Hombres	1291392.1506
1987	30 a 34	30	Mujeres	1279261.8182
1987	35 a 39	35	Hombres	1225695.6866
1987	35 a 39	35	Mujeres	1221127.8038
1987	40 a 44	40	Hombres	1141341.6597
1987	40 a 44	40	Mujeres	1147529.9743
1987	45 a 49	45	Hombres	959714.1657
1987	45 a 49	45	Mujeres	976642.0487
1987	50 a 54	50	Hombres	1131508.2037
1987	50 a 54	50	Mujeres	1183566.6154
1987	55 a 59	55	Hombres	1071239.5167
1987	55 a 59	55	Mujeres	1138239.2795
1987	60 a 64	60	Hombres	942171.1201
1987	60 a 64	60	Mujeres	1048667.2838
1987	65 a 69	65	Hombres	687542.1778
1987	65 a 69	65	Mujeres	854618.2949
1987	70 a 74	70	Hombres	530376.4081
1987	70 a 74	70	Mujeres	743996.9598
1987	75 a 79	75	Hombres	393873.7653
1987	75 a 79	75	Mujeres	603934.966
1987	80 a 84	80	Hombres	219724.8748
1987	80 a 84	80	Mujeres	392953.7421
1987	85 y más	85	Hombres	109164.452
1987	85 y más	85	Mujeres	243155.2451
1988	0 a 4	0	Hombres	1160518.1681
1988	0 a 4	0	Mujeres	1090938.7741
1988	5 a 9	5	Hombres	1461447.7425
1988	5 a 9	5	Mujeres	1382697.6495
1988	10 a 14	10	Hombres	1695688.6631
1988	10 a 14	10	Mujeres	1612814.6146
1988	15 a 19	15	Hombres	1679783.9458
1988	15 a 19	15	Mujeres	1597574.0246
1988	20 a 24	20	Hombres	1656742.4958
1988	20 a 24	20	Mujeres	1596233.9895
1988	25 a 29	25	Hombres	1506239.2648
1988	25 a 29	25	Mujeres	1482825.6809
1988	30 a 34	30	Hombres	1321010.6864
1988	30 a 34	30	Mujeres	1309880.3839
1988	35 a 39	35	Hombres	1238084.4862
1988	35 a 39	35	Mujeres	1232289.2694
1988	40 a 44	40	Hombres	1175817.3488
1988	40 a 44	40	Mujeres	1182133.8631
1988	45 a 49	45	Hombres	954268.7299
1988	45 a 49	45	Mujeres	969329.6769
1988	50 a 54	50	Hombres	1096508.0419
1988	50 a 54	50	Mujeres	1146455.8397
1988	55 a 59	55	Hombres	1091491.843
1988	55 a 59	55	Mujeres	1159401.3641
1988	60 a 64	60	Hombres	950670.4151
1988	60 a 64	60	Mujeres	1051268.7563
1988	65 a 69	65	Hombres	733256.0252
1988	65 a 69	65	Mujeres	896500.8486
1988	70 a 74	70	Hombres	526983.706
1988	70 a 74	70	Mujeres	740667.5409
1988	75 a 79	75	Hombres	401631.6684
1988	75 a 79	75	Mujeres	619543.0867
1988	80 a 84	80	Hombres	227761.0761
1988	80 a 84	80	Mujeres	404523.7546
1988	85 y más	85	Hombres	117805.3135
1988	85 y más	85	Mujeres	260788.7778
1989	0 a 4	0	Hombres	1119376.5597
1989	0 a 4	0	Mujeres	1053989.6306
1989	5 a 9	5	Hombres	1386639.9345
1989	5 a 9	5	Mujeres	1313813.8757
1989	10 a 14	10	Hombres	1679625.0299
1989	10 a 14	10	Mujeres	1598491.7894
1989	15 a 19	15	Hombres	1687736.0735
1989	15 a 19	15	Mujeres	1605358.4282
1989	20 a 24	20	Hombres	1656729.7941
1989	20 a 24	20	Mujeres	1596182.6862
1989	25 a 29	25	Hombres	1527652.7756
1989	25 a 29	25	Mujeres	1499295.1278
1989	30 a 34	30	Hombres	1356543.2788
1989	30 a 34	30	Mujeres	1346084.0538
1989	35 a 39	35	Hombres	1228804.3725
1989	35 a 39	35	Mujeres	1220492.1885
1989	40 a 44	40	Hombres	1200576.1039
1989	40 a 44	40	Mujeres	1209211.2123
1989	45 a 49	45	Hombres	1003902.7898
1989	45 a 49	45	Mujeres	1015776.3808
1989	50 a 54	50	Hombres	1036065.8872
1989	50 a 54	50	Mujeres	1085600.7508
1989	55 a 59	55	Hombres	1101007.1109
1989	55 a 59	55	Mujeres	1167201.6473
1989	60 a 64	60	Hombres	966557.2623
1989	60 a 64	60	Mujeres	1070895.0145
1989	65 a 69	65	Hombres	775870.8471
1989	65 a 69	65	Mujeres	926515.9483
1989	70 a 74	70	Hombres	528981.7797
1989	70 a 74	70	Mujeres	746401.8546
1989	75 a 79	75	Hombres	406029.0342
1989	75 a 79	75	Mujeres	629482.299
1989	80 a 84	80	Hombres	236051.4605
1989	80 a 84	80	Mujeres	417050.6792
1989	85 y más	85	Hombres	125529.1358
1989	85 y más	85	Mujeres	276777.6107
1990	0 a 4	0	Hombres	1075497.5429
1990	0 a 4	0	Mujeres	1015161.8941
1990	5 a 9	5	Hombres	1323746.8081
1990	5 a 9	5	Mujeres	1254752.8511
1990	10 a 14	10	Hombres	1643194.8156
1990	10 a 14	10	Mujeres	1564493.2001
1990	15 a 19	15	Hombres	1697823.7646
1990	15 a 19	15	Mujeres	1617959.1342
1990	20 a 24	20	Hombres	1648161.1711
1990	20 a 24	20	Mujeres	1585771.6259
1990	25 a 29	25	Hombres	1556386.8572
1990	25 a 29	25	Mujeres	1523807.2328
1990	30 a 34	30	Hombres	1397067.9899
1990	30 a 34	30	Mujeres	1385700.4314
1990	35 a 39	35	Hombres	1231170.5953
1990	35 a 39	35	Mujeres	1223867.8505
1990	40 a 44	40	Hombres	1210659.9249
1990	40 a 44	40	Mujeres	1219715.5828
1990	45 a 49	45	Hombres	1076306.5086
1990	45 a 49	45	Mujeres	1087001.6576
1990	50 a 54	50	Hombres	964392.2867
1990	50 a 54	50	Mujeres	1012438.5171
1990	55 a 59	55	Hombres	1099797.7222
1990	55 a 59	55	Mujeres	1166866.8757
1990	60 a 64	60	Hombres	979061.9152
1990	60 a 64	60	Mujeres	1081731.8324
1990	65 a 69	65	Hombres	817860.9042
1990	65 a 69	65	Mujeres	967141.1556
1990	70 a 74	70	Hombres	532327.8866
1990	70 a 74	70	Mujeres	745544.0289
1990	75 a 79	75	Hombres	410332.5961
1990	75 a 79	75	Mujeres	639956.5484
1990	80 a 84	80	Hombres	244617.1089
1990	80 a 84	80	Mujeres	429334.6431
1990	85 y más	85	Hombres	131378.7585
1990	85 y más	85	Mujeres	292196.704
1991	0 a 4	0	Hombres	1037829.7185
1991	0 a 4	0	Mujeres	982980.1663
1991	5 a 9	5	Hombres	1259694.013
1991	5 a 9	5	Mujeres	1196074.4708
1991	10 a 14	10	Hombres	1590131.6393
1991	10 a 14	10	Mujeres	1515328.438
1991	15 a 19	15	Hombres	1706989.7445
1991	15 a 19	15	Mujeres	1629523.9544
1991	20 a 24	20	Hombres	1650483.4766
1991	20 a 24	20	Mujeres	1586040.6036
1991	25 a 29	25	Hombres	1571028.6893
1991	25 a 29	25	Mujeres	1534021.9899
1991	30 a 34	30	Hombres	1434531.7312
1991	30 a 34	30	Mujeres	1423136.5976
1991	35 a 39	35	Hombres	1251878.6205
1991	35 a 39	35	Mujeres	1247090.2242
1991	40 a 44	40	Hombres	1199739.4721
1991	40 a 44	40	Mujeres	1206094.9949
1991	45 a 49	45	Hombres	1082973.4984
1991	45 a 49	45	Mujeres	1096016.7773
1991	50 a 54	50	Hombres	972407.6511
1991	50 a 54	50	Mujeres	1016714.0842
1991	55 a 59	55	Hombres	1087799.8518
1991	55 a 59	55	Mujeres	1153108.7059
1991	60 a 64	60	Hombres	999406.3021
1991	60 a 64	60	Mujeres	1102305.853
1991	65 a 69	65	Hombres	842120.3365
1991	65 a 69	65	Mujeres	985996.3877
1991	70 a 74	70	Hombres	554521.6891
1991	70 a 74	70	Mujeres	769781.6173
1991	75 a 79	75	Hombres	411153.2899
1991	75 a 79	75	Mujeres	641391.8246
1991	80 a 84	80	Hombres	251770.4838
1991	80 a 84	80	Mujeres	444576.9515
1991	85 y más	85	Hombres	138357.6948
1991	85 y más	85	Mujeres	308414.0917
1992	0 a 4	0	Hombres	1024745.4844
1992	0 a 4	0	Mujeres	967858.1094
1992	5 a 9	5	Hombres	1203929.8906
1992	5 a 9	5	Mujeres	1144903.7656
1992	10 a 14	10	Hombres	1532128.5938
1992	10 a 14	10	Mujeres	1457631.6563
1992	15 a 19	15	Hombres	1716799.4219
1992	15 a 19	15	Mujeres	1642257.4844
1992	20 a 24	20	Hombres	1665821.3438
1992	20 a 24	20	Mujeres	1597359.7813
1992	25 a 29	25	Hombres	1602512.5625
1992	25 a 29	25	Mujeres	1561336.5469
1992	30 a 34	30	Hombres	1470202.2031
1992	30 a 34	30	Mujeres	1456826.9063
1992	35 a 39	35	Hombres	1281796.5469
1992	35 a 39	35	Mujeres	1278648.8438
1992	40 a 44	40	Hombres	1211701.5625
1992	40 a 44	40	Mujeres	1215126.125
1992	45 a 49	45	Hombres	1122304.4375
1992	45 a 49	45	Mujeres	1139765.6563
1992	50 a 54	50	Hombres	933293.7344
1992	50 a 54	50	Mujeres	964869.2031
1992	55 a 59	55	Hombres	1086922.0625
1992	55 a 59	55	Mujeres	1160755
1992	60 a 64	60	Hombres	1009144.5938
1992	60 a 64	60	Mujeres	1109920.7188
1992	65 a 69	65	Hombres	859149.7031
1992	65 a 69	65	Mujeres	1008957.8438
1992	70 a 74	70	Hombres	591194.4219
1992	70 a 74	70	Mujeres	795355.2969
1992	75 a 79	75	Hombres	411132.9219
1992	75 a 79	75	Mujeres	643750.9063
1992	80 a 84	80	Hombres	258476.8125
1992	80 a 84	80	Mujeres	456888.8438
1992	85 y más	85	Hombres	144773.0313
1992	85 y más	85	Mujeres	323094.1719
1993	0 a 4	0	Hombres	1020147.6597
1993	0 a 4	0	Mujeres	962211.3567
1993	5 a 9	5	Hombres	1155565.9063
1993	5 a 9	5	Mujeres	1098102.1094
1993	10 a 14	10	Hombres	1475188.7031
1993	10 a 14	10	Mujeres	1403893.2813
1993	15 a 19	15	Hombres	1713182.0156
1993	15 a 19	15	Mujeres	1637850.625
1993	20 a 24	20	Hombres	1682217.4844
1993	20 a 24	20	Mujeres	1609523.7031
1993	25 a 29	25	Hombres	1636078.4844
1993	25 a 29	25	Mujeres	1591516.3281
1993	30 a 34	30	Hombres	1494544.9375
1993	30 a 34	30	Mujeres	1479860.3594
1993	35 a 39	35	Hombres	1316047.5781
1993	35 a 39	35	Mujeres	1314658.7656
1993	40 a 44	40	Hombres	1230064.8594
1993	40 a 44	40	Mujeres	1232095.3438
1993	45 a 49	45	Hombres	1160412.9531
1993	45 a 49	45	Mujeres	1177394.1563
1993	50 a 54	50	Hombres	932053.4844
1993	50 a 54	50	Mujeres	960464.5156
1993	55 a 59	55	Hombres	1057032.9219
1993	55 a 59	55	Mujeres	1128601.5156
1993	60 a 64	60	Hombres	1030111.1406
1993	60 a 64	60	Mujeres	1132185.8594
1993	65 a 69	65	Hombres	867644.0781
1993	65 a 69	65	Mujeres	1011739.6094
1993	70 a 74	70	Hombres	631236.2344
1993	70 a 74	70	Mujeres	834876.75
1993	75 a 79	75	Hombres	410558.1875
1993	75 a 79	75	Mujeres	644516.6406
1993	80 a 84	80	Hombres	266241.6406
1993	80 a 84	80	Mujeres	473366.8594
1993	85 y más	85	Hombres	153060.2969
1993	85 y más	85	Mujeres	339788.0781
1994	0 a 4	0	Hombres	1014596.2032
1994	0 a 4	0	Mujeres	955837.1336
1994	5 a 9	5	Hombres	1118270.6875
1994	5 a 9	5	Mujeres	1060990.2188
1994	10 a 14	10	Hombres	1405844.3594
1994	10 a 14	10	Mujeres	1338308
1994	15 a 19	15	Hombres	1707709.9219
1994	15 a 19	15	Mujeres	1630014.2656
1994	20 a 24	20	Hombres	1699161.9531
1994	20 a 24	20	Mujeres	1625250.4844
1994	25 a 29	25	Hombres	1653996.2656
1994	25 a 29	25	Mujeres	1607509.875
1994	30 a 34	30	Hombres	1526337.4531
1994	30 a 34	30	Mujeres	1507565.2656
1994	35 a 39	35	Hombres	1357944.875
1994	35 a 39	35	Mujeres	1357099.9063
1994	40 a 44	40	Hombres	1226833.1406
1994	40 a 44	40	Mujeres	1226809.9688
1994	45 a 49	45	Hombres	1189119.9063
1994	45 a 49	45	Mujeres	1207952.9531
1994	50 a 54	50	Hombres	984873.9844
1994	50 a 54	50	Mujeres	1010058.3438
1994	55 a 59	55	Hombres	1003334.4531
1994	55 a 59	55	Mujeres	1072116.0156
1994	60 a 64	60	Hombres	1042699.125
1994	60 a 64	60	Mujeres	1142855.5156
1994	65 a 69	65	Hombres	883064.2656
1994	65 a 69	65	Mujeres	1030501.5938
1994	70 a 74	70	Hombres	668686.8594
1994	70 a 74	70	Mujeres	864212.8594
1994	75 a 79	75	Hombres	413573.3594
1994	75 a 79	75	Mujeres	651467
1994	80 a 84	80	Hombres	270779.8125
1994	80 a 84	80	Mujeres	485180.9688
1994	85 y más	85	Hombres	161472.5938
1994	85 y más	85	Mujeres	356459.2031
1995	0 a 4	0	Hombres	1000127.7178
1995	0 a 4	0	Mujeres	941405.2684
1995	5 a 9	5	Hombres	1086275.2188
1995	5 a 9	5	Mujeres	1029955.0156
1995	10 a 14	10	Hombres	1347126.125
1995	10 a 14	10	Mujeres	1280951.7969
1995	15 a 19	15	Hombres	1679968.1406
1995	15 a 19	15	Mujeres	1601469.4063
1995	20 a 24	20	Hombres	1718870.3906
1995	20 a 24	20	Mujeres	1644787.9219
1995	25 a 29	25	Hombres	1660417.9375
1995	25 a 29	25	Mujeres	1609657.6875
1995	30 a 34	30	Hombres	1567207.8906
1995	30 a 34	30	Mujeres	1545838.4375
1995	35 a 39	35	Hombres	1408124.6719
1995	35 a 39	35	Mujeres	1405975.2188
1995	40 a 44	40	Hombres	1235129.0156
1995	40 a 44	40	Mujeres	1234954.5156
1995	45 a 49	45	Hombres	1204486.4844
1995	45 a 49	45	Mujeres	1223155.3125
1995	50 a 54	50	Hombres	1060130.4844
1995	50 a 54	50	Mujeres	1084574.1094
1995	55 a 59	55	Hombres	937603.4063
1995	55 a 59	55	Mujeres	1003133.0781
1995	60 a 64	60	Hombres	1046521.1563
1995	60 a 64	60	Mujeres	1145519.3281
1995	65 a 69	65	Hombres	896816.9375
1995	65 a 69	65	Mujeres	1043227.5781
1995	70 a 74	70	Hombres	705935.4531
1995	70 a 74	70	Mujeres	902047.5938
1995	75 a 79	75	Hombres	417818.5156
1995	75 a 79	75	Mujeres	653335.9375
1995	80 a 84	80	Hombres	275746.8125
1995	80 a 84	80	Mujeres	496896.875
1995	85 y más	85	Hombres	169692.875
1995	85 y más	85	Mujeres	374842.1406
1996	0 a 4	0	Hombres	984757.2081
1996	0 a 4	0	Mujeres	926506.7013
1996	5 a 9	5	Hombres	1063805.4219
1996	5 a 9	5	Mujeres	1008163.75
1996	10 a 14	10	Hombres	1287311.5625
1996	10 a 14	10	Mujeres	1222698.8438
1996	15 a 19	15	Hombres	1635611.9531
1996	15 a 19	15	Mujeres	1559234.7031
1996	20 a 24	20	Hombres	1738390.8438
1996	20 a 24	20	Mujeres	1662934.5625
1996	25 a 29	25	Hombres	1675045.1406
1996	25 a 29	25	Mujeres	1619128.5625
1996	30 a 34	30	Hombres	1595639.9531
1996	30 a 34	30	Mujeres	1571174.5781
1996	35 a 39	35	Hombres	1456203.0781
1996	35 a 39	35	Mujeres	1453626.7188
1996	40 a 44	40	Hombres	1263428.7188
1996	40 a 44	40	Mujeres	1265228.5938
1996	45 a 49	45	Hombres	1199016.8281
1996	45 a 49	45	Mujeres	1214624.7656
1996	50 a 54	50	Hombres	1070873.4688
1996	50 a 54	50	Mujeres	1096608.2188
1996	55 a 59	55	Hombres	949391.9844
1996	55 a 59	55	Mujeres	1010991.9688
1996	60 a 64	60	Hombres	1040834.1406
1996	60 a 64	60	Mujeres	1136629.3594
1996	65 a 69	65	Hombres	918980.9063
1996	65 a 69	65	Mujeres	1065669.4063
1996	70 a 74	70	Hombres	728301.5313
1996	70 a 74	70	Mujeres	920678.8281
1996	75 a 79	75	Hombres	436792.2656
1996	75 a 79	75	Mujeres	676329.4688
1996	80 a 84	80	Hombres	278322.3906
1996	80 a 84	80	Mujeres	501807.9219
1996	85 y más	85	Hombres	177750.8281
1996	85 y más	85	Mujeres	395878.75
1997	0 a 4	0	Hombres	967657.5456
1997	0 a 4	0	Mujeres	912345.8226
1997	5 a 9	5	Hombres	1050883.3906
1997	5 a 9	5	Mujeres	993432.7656
1997	10 a 14	10	Hombres	1230898.2344
1997	10 a 14	10	Mujeres	1169859.3594
1997	15 a 19	15	Hombres	1577724.1563
1997	15 a 19	15	Mujeres	1501813.5938
1997	20 a 24	20	Hombres	1753589.9531
1997	20 a 24	20	Mujeres	1678471.3906
1997	25 a 29	25	Hombres	1691561.4063
1997	25 a 29	25	Mujeres	1630730.4688
1997	30 a 34	30	Hombres	1629577.9375
1997	30 a 34	30	Mujeres	1600499.8281
1997	35 a 39	35	Hombres	1494024.4219
1997	35 a 39	35	Mujeres	1491154.3438
1997	40 a 44	40	Hombres	1296343.8281
1997	40 a 44	40	Mujeres	1299544.9063
1997	45 a 49	45	Hombres	1212426.9375
1997	45 a 49	45	Mujeres	1225462.875
1997	50 a 54	50	Hombres	1111084.0625
1997	50 a 54	50	Mujeres	1141454.5938
1997	55 a 59	55	Hombres	913248.1406
1997	55 a 59	55	Mujeres	962301.4219
1997	60 a 64	60	Hombres	1041676.4375
1997	60 a 64	60	Mujeres	1144370
1997	65 a 69	65	Hombres	931274.1563
1997	65 a 69	65	Mujeres	1075624.0313
1997	70 a 74	70	Hombres	745861.9219
1997	70 a 74	70	Mujeres	944466.9063
1997	75 a 79	75	Hombres	467577.9531
1997	75 a 79	75	Mujeres	700868.0781
1997	80 a 84	80	Hombres	279366.4531
1997	80 a 84	80	Mujeres	505772.3438
1997	85 y más	85	Hombres	185000.9063
1997	85 y más	85	Mujeres	413378.1094
1998	0 a 4	0	Hombres	952168.8787
1998	0 a 4	0	Mujeres	898271.5455
1998	5 a 9	5	Hombres	1043301.2863
1998	5 a 9	5	Mujeres	986203.3435
1998	10 a 14	10	Hombres	1182650.4688
1998	10 a 14	10	Mujeres	1122610.9531
1998	15 a 19	15	Hombres	1515529.9844
1998	15 a 19	15	Mujeres	1443773.5938
1998	20 a 24	20	Hombres	1755000.4219
1998	20 a 24	20	Mujeres	1677864.875
1998	25 a 29	25	Hombres	1708007.0781
1998	25 a 29	25	Mujeres	1641751.9844
1998	30 a 34	30	Hombres	1662844.0781
1998	30 a 34	30	Mujeres	1629940.8594
1998	35 a 39	35	Hombres	1520311.3125
1998	35 a 39	35	Mujeres	1515838.7031
1998	40 a 44	40	Hombres	1332376.6094
1998	40 a 44	40	Mujeres	1338171.6719
1998	45 a 49	45	Hombres	1232549.2031
1998	45 a 49	45	Mujeres	1243660.2813
1998	50 a 54	50	Hombres	1148949.7344
1998	50 a 54	50	Mujeres	1180110.2188
1998	55 a 59	55	Hombres	912292.0781
1998	55 a 59	55	Mujeres	957685.9219
1998	60 a 64	60	Hombres	1014879.8906
1998	60 a 64	60	Mujeres	1114134.9219
1998	65 a 69	65	Hombres	954195.7969
1998	65 a 69	65	Mujeres	1099047.2031
1998	70 a 74	70	Hombres	756041.1094
1998	70 a 74	70	Mujeres	949929.4531
1998	75 a 79	75	Hombres	500961.3281
1998	75 a 79	75	Mujeres	738224.25
1998	80 a 84	80	Hombres	279985.0625
1998	80 a 84	80	Mujeres	507945.2969
1998	85 y más	85	Hombres	192520.3125
1998	85 y más	85	Mujeres	433719.3125
1999	0 a 4	0	Hombres	942603.4632
1999	0 a 4	0	Mujeres	889050.4926
1999	5 a 9	5	Hombres	1032150.499
1999	5 a 9	5	Mujeres	975597.5802
1999	10 a 14	10	Hombres	1146789.3125
1999	10 a 14	10	Mujeres	1086957.7813
1999	15 a 19	15	Hombres	1441912.6406
1999	15 a 19	15	Mujeres	1374232
1999	20 a 24	20	Hombres	1751418.0781
1999	20 a 24	20	Mujeres	1672419.7344
1999	25 a 29	25	Hombres	1726478.0469
1999	25 a 29	25	Mujeres	1656812.5156
1999	30 a 34	30	Hombres	1681456.7344
1999	30 a 34	30	Mujeres	1645555.125
1999	35 a 39	35	Hombres	1553396.5469
1999	35 a 39	35	Mujeres	1544815.7344
1999	40 a 44	40	Hombres	1376202.125
1999	40 a 44	40	Mujeres	1383044.0938
1999	45 a 49	45	Hombres	1231005.8594
1999	45 a 49	45	Mujeres	1239886.0313
1999	50 a 54	50	Hombres	1178744.0938
1999	50 a 54	50	Mujeres	1211613.0469
1999	55 a 59	55	Hombres	964063.0156
1999	55 a 59	55	Mujeres	1007262.6563
1999	60 a 64	60	Hombres	964483.5469
1999	60 a 64	60	Mujeres	1059847.9844
1999	65 a 69	65	Hombres	968725.875
1999	65 a 69	65	Mujeres	1111255.4844
1999	70 a 74	70	Hombres	772835.7344
1999	70 a 74	70	Mujeres	970689.4063
1999	75 a 79	75	Hombres	531889.1406
1999	75 a 79	75	Mujeres	766165.1406
1999	80 a 84	80	Hombres	281936.6406
1999	80 a 84	80	Mujeres	514747
1999	85 y más	85	Hombres	198165.5938
1999	85 y más	85	Mujeres	449358.8281
2000	0 a 4	0	Hombres	948270.6001
2000	0 a 4	0	Mujeres	896056.3488
2000	5 a 9	5	Hombres	1013324.5097
2000	5 a 9	5	Mujeres	958065.3647
2000	10 a 14	10	Hombres	1117004.1563
2000	10 a 14	10	Mujeres	1058452.2969
2000	15 a 19	15	Hombres	1378189.375
2000	15 a 19	15	Mujeres	1311614.1406
2000	20 a 24	20	Hombres	1723208.6719
2000	20 a 24	20	Mujeres	1644299.7188
2000	25 a 29	25	Hombres	1748871.4219
2000	25 a 29	25	Mujeres	1677261.5156
2000	30 a 34	30	Hombres	1687746.8125
2000	30 a 34	30	Mujeres	1645999.0625
2000	35 a 39	35	Hombres	1595878.9219
2000	35 a 39	35	Mujeres	1584508.3125
2000	40 a 44	40	Hombres	1428886.7656
2000	40 a 44	40	Mujeres	1434719.1563
2000	45 a 49	45	Hombres	1240741.2969
2000	45 a 49	45	Mujeres	1249082.7969
2000	50 a 54	50	Hombres	1195176.2031
2000	50 a 54	50	Mujeres	1228169.9375
2000	55 a 59	55	Hombres	1037772.2031
2000	55 a 59	55	Mujeres	1082010.0781
2000	60 a 64	60	Hombres	900965.7188
2000	60 a 64	60	Mujeres	992214.4844
2000	65 a 69	65	Hombres	974244.9688
2000	65 a 69	65	Mujeres	1115872.2344
2000	70 a 74	70	Hombres	787552.8125
2000	70 a 74	70	Mujeres	985067.9844
2000	75 a 79	75	Hombres	562083.6094
2000	75 a 79	75	Mujeres	801197.2813
2000	80 a 84	80	Hombres	284498.7969
2000	80 a 84	80	Mujeres	516128.8125
2000	85 y más	85	Hombres	201922.0625
2000	85 y más	85	Mujeres	463123.2969
2001	0 a 4	0	Hombres	965494.6918
2001	0 a 4	0	Mujeres	912757.0011
2001	5 a 9	5	Hombres	994870.3154
2001	5 a 9	5	Mujeres	941183.1002
2001	10 a 14	10	Hombres	1093998.2031
2001	10 a 14	10	Mujeres	1036257.25
2001	15 a 19	15	Hombres	1315030.9375
2001	15 a 19	15	Mujeres	1249614.4063
2001	20 a 24	20	Hombres	1679401.4219
2001	20 a 24	20	Mujeres	1603743.6719
2001	25 a 29	25	Hombres	1771122.4063
2001	25 a 29	25	Mujeres	1697149.9375
2001	30 a 34	30	Hombres	1702764.7344
2001	30 a 34	30	Mujeres	1653738.9375
2001	35 a 39	35	Hombres	1625229.4219
2001	35 a 39	35	Mujeres	1610632.7969
2001	40 a 44	40	Hombres	1478949.2969
2001	40 a 44	40	Mujeres	1484409.5313
2001	45 a 49	45	Hombres	1271511.5313
2001	45 a 49	45	Mujeres	1281792.6563
2001	50 a 54	50	Hombres	1191446.5469
2001	50 a 54	50	Mujeres	1221049.1094
2001	55 a 59	55	Hombres	1048687.7813
2001	55 a 59	55	Mujeres	1094247.0313
2001	60 a 64	60	Hombres	913276.1406
2001	60 a 64	60	Mujeres	1000534.2813
2001	65 a 69	65	Hombres	972143.7344
2001	65 a 69	65	Mujeres	1109469.7656
2001	70 a 74	70	Hombres	810579.8438
2001	70 a 74	70	Mujeres	1009273.3438
2001	75 a 79	75	Hombres	582816.2188
2001	75 a 79	75	Mujeres	820849.5469
2001	80 a 84	80	Hombres	299128.6094
2001	80 a 84	80	Mujeres	536762.7813
2001	85 y más	85	Hombres	207440.0313
2001	85 y más	85	Mujeres	478187.9531
2002	0 a 4	0	Hombres	994873.0467
2002	0 a 4	0	Mujeres	943682.8042
2002	5 a 9	5	Hombres	980573.1395
2002	5 a 9	5	Mujeres	929824.1628
2002	10 a 14	10	Hombres	1081363.7702
2002	10 a 14	10	Mujeres	1022720.5747
2002	15 a 19	15	Hombres	1261909.1547
2002	15 a 19	15	Mujeres	1199049.4063
2002	20 a 24	20	Hombres	1633173.1918
2002	20 a 24	20	Mujeres	1555448.7485
2002	25 a 29	25	Hombres	1805963.9049
2002	25 a 29	25	Mujeres	1725380.8908
2002	30 a 34	30	Hombres	1731463.7532
2002	30 a 34	30	Mujeres	1672708.7412
2002	35 a 39	35	Hombres	1668854.7787
2002	35 a 39	35	Mujeres	1646012.0533
2002	40 a 44	40	Hombres	1524690.5071
2002	40 a 44	40	Mujeres	1528557.4337
2002	45 a 49	45	Hombres	1310360.0214
2002	45 a 49	45	Mujeres	1321360.2545
2002	50 a 54	50	Hombres	1208138.5489
2002	50 a 54	50	Mujeres	1235419.3168
2002	55 a 59	55	Hombres	1091329.8422
2002	55 a 59	55	Mujeres	1142068.6731
2002	60 a 64	60	Hombres	882826.3223
2002	60 a 64	60	Mujeres	956971.0304
2002	65 a 69	65	Hombres	976057.779
2002	65 a 69	65	Mujeres	1118645.9968
2002	70 a 74	70	Hombres	826514.1737
2002	70 a 74	70	Mujeres	1022228.6817
2002	75 a 79	75	Hombres	601733.6983
2002	75 a 79	75	Mujeres	846348.4055
2002	80 a 84	80	Hombres	323517.7981
2002	80 a 84	80	Mujeres	560805.4819
2002	85 y más	85	Hombres	212178.3772
2002	85 y más	85	Mujeres	492516.3955
2003	0 a 4	0	Hombres	1037488.749
2003	0 a 4	0	Mujeres	982582.9241
2003	5 a 9	5	Hombres	984217.6807
2003	5 a 9	5	Mujeres	932943.6789
2003	10 a 14	10	Hombres	1087127.7944
2003	10 a 14	10	Mujeres	1028855.9954
2003	15 a 19	15	Hombres	1232595.6531
2003	15 a 19	15	Mujeres	1169496.7802
2003	20 a 24	20	Hombres	1611233.1558
2003	20 a 24	20	Mujeres	1533680.3092
2003	25 a 29	25	Hombres	1870480.0736
2003	25 a 29	25	Mujeres	1771775.5027
2003	30 a 34	30	Hombres	1797550.4786
2003	30 a 34	30	Mujeres	1716463.2499
2003	35 a 39	35	Hombres	1734596.4302
2003	35 a 39	35	Mujeres	1696787.201
2003	40 a 44	40	Hombres	1574148.6595
2003	40 a 44	40	Mujeres	1568803.9822
2003	45 a 49	45	Hombres	1361374.3232
2003	45 a 49	45	Mujeres	1372619.8272
2003	50 a 54	50	Hombres	1238249.393
2003	50 a 54	50	Mujeres	1262508.6109
2003	55 a 59	55	Hombres	1135942.5613
2003	55 a 59	55	Mujeres	1188205.2849
2003	60 a 64	60	Hombres	887495.198
2003	60 a 64	60	Mujeres	957773.7492
2003	65 a 69	65	Hombres	956502.5963
2003	65 a 69	65	Mujeres	1094079.2783
2003	70 a 74	70	Hombres	851545.2562
2003	70 a 74	70	Mujeres	1048732.3859
2003	75 a 79	75	Hombres	614881.0433
2003	75 a 79	75	Mujeres	857186.1281
2003	80 a 84	80	Hombres	350154.5929
2003	80 a 84	80	Mujeres	597353.9897
2003	85 y más	85	Hombres	216884.0464
2003	85 y más	85	Mujeres	505519.0674
2004	0 a 4	0	Hombres	1082940.878
2004	0 a 4	0	Mujeres	1025673.1191
2004	5 a 9	5	Hombres	995653.0536
2004	5 a 9	5	Mujeres	943210.1291
2004	10 a 14	10	Hombres	1087599.905
2004	10 a 14	10	Mujeres	1028622.6943
2004	15 a 19	15	Hombres	1213124.6921
2004	15 a 19	15	Mujeres	1150022.6895
2004	20 a 24	20	Hombres	1565195.5832
2004	20 a 24	20	Mujeres	1492834.4121
2004	25 a 29	25	Hombres	1914796.6514
2004	25 a 29	25	Mujeres	1807363.2925
2004	30 a 34	30	Hombres	1859149.0192
2004	30 a 34	30	Mujeres	1760862.187
2004	35 a 39	35	Hombres	1783897.6409
2004	35 a 39	35	Mujeres	1732191.7669
2004	40 a 44	40	Hombres	1626387.4184
2004	40 a 44	40	Mujeres	1611719.8057
2004	45 a 49	45	Hombres	1419602.2575
2004	45 a 49	45	Mujeres	1428585.452
2004	50 a 54	50	Hombres	1246298.5713
2004	50 a 54	50	Mujeres	1267762.6135
2004	55 a 59	55	Hombres	1173136.9053
2004	55 a 59	55	Mujeres	1227265.3935
2004	60 a 64	60	Hombres	943568.139
2004	60 a 64	60	Mujeres	1013315.2634
2004	65 a 69	65	Hombres	915058.7262
2004	65 a 69	65	Mujeres	1045730.3495
2004	70 a 74	70	Hombres	869083.901
2004	70 a 74	70	Mujeres	1064272.2462
2004	75 a 79	75	Hombres	633224.3225
2004	75 a 79	75	Mujeres	880827.2992
2004	80 a 84	80	Hombres	375392.725
2004	80 a 84	80	Mujeres	625362.6631
2004	85 y más	85	Hombres	220471.1069
2004	85 y más	85	Mujeres	517251.3049
2005	0 a 4	0	Hombres	1122869.388
2005	0 a 4	0	Mujeres	1060976.52
2005	5 a 9	5	Hombres	1016029.3961
2005	5 a 9	5	Mujeres	963462.7644
2005	10 a 14	10	Hombres	1078737.2673
2005	10 a 14	10	Mujeres	1019627.3016
2005	15 a 19	15	Hombres	1197780.5758
2005	15 a 19	15	Mujeres	1133436.9161
2005	20 a 24	20	Hombres	1530883.2019
2005	20 a 24	20	Mujeres	1455777.7393
2005	25 a 29	25	Hombres	1940189.3189
2005	25 a 29	25	Mujeres	1819545.4424
2005	30 a 34	30	Hombres	1933425.065
2005	30 a 34	30	Mujeres	1813498.2509
2005	35 a 39	35	Hombres	1826067.0139
2005	35 a 39	35	Mujeres	1755063.9117
2005	40 a 44	40	Hombres	1692347.2009
2005	40 a 44	40	Mujeres	1666122.7963
2005	45 a 49	45	Hombres	1489062.269
2005	45 a 49	45	Mujeres	1492256.3441
2005	50 a 54	50	Hombres	1266570.9712
2005	50 a 54	50	Mujeres	1286202.4303
2005	55 a 59	55	Hombres	1198137.0998
2005	55 a 59	55	Mujeres	1251696.2113
2005	60 a 64	60	Hombres	1022618.7994
2005	60 a 64	60	Mujeres	1094068.4725
2005	65 a 69	65	Hombres	861065.2537
2005	65 a 69	65	Mujeres	984201.1641
2005	70 a 74	70	Hombres	880019.6194
2005	70 a 74	70	Mujeres	1072866.4109
2005	75 a 79	75	Hombres	651198.332
2005	75 a 79	75	Mujeres	899161.8364
2005	80 a 84	80	Hombres	401185.4676
2005	80 a 84	80	Mujeres	660592.5719
2005	85 y más	85	Hombres	227096.619
2005	85 y más	85	Mujeres	532495.1187
2006	0 a 4	0	Hombres	1157999.2287
2006	0 a 4	0	Mujeres	1095357.8933
2006	5 a 9	5	Hombres	1047666.8414
2006	5 a 9	5	Mujeres	992141.6648
2006	10 a 14	10	Hombres	1073227.2604
2006	10 a 14	10	Mujeres	1013876.9576
2006	15 a 19	15	Hombres	1186822.3224
2006	15 a 19	15	Mujeres	1122165.9192
2006	20 a 24	20	Hombres	1489370.1139
2006	20 a 24	20	Mujeres	1416696.2631
2006	25 a 29	25	Hombres	1940981.6684
2006	25 a 29	25	Mujeres	1816874.2522
2006	30 a 34	30	Hombres	2001350.1325
2006	30 a 34	30	Mujeres	1865110.6933
2006	35 a 39	35	Hombres	1878352.7881
2006	35 a 39	35	Mujeres	1786092.1197
2006	40 a 44	40	Hombres	1743864.3554
2006	40 a 44	40	Mujeres	1707024.4173
2006	45 a 49	45	Hombres	1554622.8041
2006	45 a 49	45	Mujeres	1552980.2353
2006	50 a 54	50	Hombres	1308290.4172
2006	50 a 54	50	Mujeres	1327372.1389
2006	55 a 59	55	Hombres	1202816.3294
2006	55 a 59	55	Mujeres	1252421.0503
2006	60 a 64	60	Hombres	1040350.5172
2006	60 a 64	60	Mujeres	1111990.3412
2006	65 a 69	65	Hombres	879448.1427
2006	65 a 69	65	Mujeres	997825.0046
2006	70 a 74	70	Hombres	883053.2746
2006	70 a 74	70	Mujeres	1070064.0953
2006	75 a 79	75	Hombres	673977.791
2006	75 a 79	75	Mujeres	925003.1298
2006	80 a 84	80	Hombres	418457.6263
2006	80 a 84	80	Mujeres	681086.6239
2006	85 y más	85	Hombres	238665.4129
2006	85 y más	85	Mujeres	556568.77
2007	0 a 4	0	Hombres	1198022.2273
2007	0 a 4	0	Mujeres	1130863.7018
2007	5 a 9	5	Hombres	1084533.8154
2007	5 a 9	5	Mujeres	1027635.9615
2007	10 a 14	10	Hombres	1070958.6316
2007	10 a 14	10	Mujeres	1013772.4896
2007	15 a 19	15	Hombres	1185114.3029
2007	15 a 19	15	Mujeres	1118239.4658
2007	20 a 24	20	Hombres	1452958.5737
2007	20 a 24	20	Mujeres	1389553.9323
2007	25 a 29	25	Hombres	1918799.3493
2007	25 a 29	25	Mujeres	1799722.7264
2007	30 a 34	30	Hombres	2065247.453
2007	30 a 34	30	Mujeres	1920128.8725
2007	35 a 39	35	Hombres	1931101.4903
2007	35 a 39	35	Mujeres	1825169.0163
2007	40 a 44	40	Hombres	1802574.9733
2007	40 a 44	40	Mujeres	1753734.5541
2007	45 a 49	45	Hombres	1610906.5238
2007	45 a 49	45	Mujeres	1605080.1857
2007	50 a 54	50	Hombres	1354495.675
2007	50 a 54	50	Mujeres	1373010.9897
2007	55 a 59	55	Hombres	1224184.4804
2007	55 a 59	55	Mujeres	1270994.7118
2007	60 a 64	60	Hombres	1086759.8845
2007	60 a 64	60	Mujeres	1163935.3928
2007	65 a 69	65	Hombres	855930.9716
2007	65 a 69	65	Mujeres	958849.6787
2007	70 a 74	70	Hombres	890248.2207
2007	70 a 74	70	Mujeres	1080356.8308
2007	75 a 79	75	Hombres	692372.1792
2007	75 a 79	75	Mujeres	940128.9935
2007	80 a 84	80	Hombres	436125.444
2007	80 a 84	80	Mujeres	706860.9328
2007	85 y más	85	Hombres	258635.7232
2007	85 y más	85	Mujeres	587650.4447
2008	0 a 4	0	Hombres	1238752.4808
2008	0 a 4	0	Mujeres	1168497.1868
2008	5 a 9	5	Hombres	1121398.6256
2008	5 a 9	5	Mujeres	1061225.2567
2008	10 a 14	10	Hombres	1074925.7994
2008	10 a 14	10	Mujeres	1017571.2711
2008	15 a 19	15	Hombres	1194199.8119
2008	15 a 19	15	Mujeres	1125427.4646
2008	20 a 24	20	Hombres	1438975.3185
2008	20 a 24	20	Mujeres	1374385.5311
2008	25 a 29	25	Hombres	1901995.9977
2008	25 a 29	25	Mujeres	1784185.9472
2008	30 a 34	30	Hombres	2127521.1476
2008	30 a 34	30	Mujeres	1967864.2697
2008	35 a 39	35	Hombres	1993954.8606
2008	35 a 39	35	Mujeres	1867385.9191
2008	40 a 44	40	Hombres	1868744.6868
2008	40 a 44	40	Mujeres	1806585.2783
2008	45 a 49	45	Hombres	1660695.2606
2008	45 a 49	45	Mujeres	1646565.0792
2008	50 a 54	50	Hombres	1406695.1205
2008	50 a 54	50	Mujeres	1424817.832
2008	55 a 59	55	Hombres	1253594.7986
2008	55 a 59	55	Mujeres	1296587.872
2008	60 a 64	60	Hombres	1130267.8516
2008	60 a 64	60	Mujeres	1209825.9701
2008	65 a 69	65	Hombres	861611.2991
2008	65 a 69	65	Mujeres	959233.4428
2008	70 a 74	70	Hombres	874190.3413
2008	70 a 74	70	Mujeres	1057553.2286
2008	75 a 79	75	Hombres	716773.5329
2008	75 a 79	75	Mujeres	966071.8015
2008	80 a 84	80	Hombres	448855.5289
2008	80 a 84	80	Mujeres	718866.9419
2008	85 y más	85	Hombres	278331.5811
2008	85 y más	85	Mujeres	624803.9458
2009	0 a 4	0	Hombres	1275458.5729
2009	0 a 4	0	Mujeres	1199958.7135
2009	5 a 9	5	Hombres	1158304.3564
2009	5 a 9	5	Mujeres	1096845.2281
2009	10 a 14	10	Hombres	1081841.7929
2009	10 a 14	10	Mujeres	1022914.354
2009	15 a 19	15	Hombres	1186636.4567
2009	15 a 19	15	Mujeres	1116715.7239
2009	20 a 24	20	Hombres	1404820.7321
2009	20 a 24	20	Mujeres	1345980.6537
2009	25 a 29	25	Hombres	1833853.5287
2009	25 a 29	25	Mujeres	1732375.9171
2009	30 a 34	30	Hombres	2154043.4699
2009	30 a 34	30	Mujeres	1994527.7748
2009	35 a 39	35	Hombres	2035594.6824
2009	35 a 39	35	Mujeres	1901716.8381
2009	40 a 44	40	Hombres	1910127.0116
2009	40 a 44	40	Mujeres	1838592.4382
2009	45 a 49	45	Hombres	1704782.2997
2009	45 a 49	45	Mujeres	1684801.7475
2009	50 a 54	50	Hombres	1459935.6622
2009	50 a 54	50	Mujeres	1477229.8695
2009	55 a 59	55	Hombres	1257867.5524
2009	55 a 59	55	Mujeres	1297178.8318
2009	60 a 64	60	Hombres	1164485.7394
2009	60 a 64	60	Mujeres	1244714.9452
2009	65 a 69	65	Hombres	913809.0269
2009	65 a 69	65	Mujeres	1012095.1751
2009	70 a 74	70	Hombres	838487.3513
2009	70 a 74	70	Mujeres	1010939.9764
2009	75 a 79	75	Hombres	735045.5189
2009	75 a 79	75	Mujeres	982048.9662
2009	80 a 84	80	Hombres	466387.6054
2009	80 a 84	80	Mujeres	741528.9415
2009	85 y más	85	Hombres	299053.0445
2009	85 y más	85	Mujeres	658570.2046
2010	0 a 4	0	Hombres	1287318.4954
2010	0 a 4	0	Mujeres	1209370.9794
2010	5 a 9	5	Hombres	1185937.4357
2010	5 a 9	5	Mujeres	1120711.8186
2010	10 a 14	10	Hombres	1094596.1185
2010	10 a 14	10	Mujeres	1035857.4461
2010	15 a 19	15	Hombres	1167074.393
2010	15 a 19	15	Mujeres	1097262.4267
2010	20 a 24	20	Hombres	1351382.4874
2010	20 a 24	20	Mujeres	1302649.9905
2010	25 a 29	25	Hombres	1739466.3749
2010	25 a 29	25	Mujeres	1662819.3585
2010	30 a 34	30	Hombres	2120014.3526
2010	30 a 34	30	Mujeres	1979001.1048
2010	35 a 39	35	Hombres	2066005.9592
2010	35 a 39	35	Mujeres	1932267.2583
2010	40 a 44	40	Hombres	1923379.1145
2010	40 a 44	40	Mujeres	1847678.4132
2010	45 a 49	45	Hombres	1751652.8043
2010	45 a 49	45	Mujeres	1728350.4309
2010	50 a 54	50	Hombres	1517995.889
2010	50 a 54	50	Mujeres	1531957.3481
2010	55 a 59	55	Hombres	1269787.6644
2010	55 a 59	55	Mujeres	1308436.8828
2010	60 a 64	60	Hombres	1182524.0986
2010	60 a 64	60	Mujeres	1262722.5662
2010	65 a 69	65	Hombres	986344.7931
2010	65 a 69	65	Mujeres	1088600.4074
2010	70 a 74	70	Hombres	788678.4221
2010	70 a 74	70	Mujeres	949894.6779
2010	75 a 79	75	Hombres	746369.2832
2010	75 a 79	75	Mujeres	991421.2555
2010	80 a 84	80	Hombres	483875.4694
2010	80 a 84	80	Mujeres	759309.6051
2010	85 y más	85	Hombres	319868.7418
2010	85 y más	85	Mujeres	696037.1444
2011	0 a 4	0	Hombres	1289347.4867
2011	0 a 4	0	Mujeres	1209101.3876
2011	5 a 9	5	Hombres	1206430.8061
2011	5 a 9	5	Mujeres	1141408.9662
2011	10 a 14	10	Hombres	1114534.9125
2011	10 a 14	10	Mujeres	1052874.7437
2011	15 a 19	15	Hombres	1148567.0839
2011	15 a 19	15	Mujeres	1079519.4258
2011	20 a 24	20	Hombres	1305492.6637
2011	20 a 24	20	Mujeres	1262774.2404
2011	25 a 29	25	Hombres	1639318.901
2011	25 a 29	25	Mujeres	1586605.2314
2011	30 a 34	30	Hombres	2063850.3458
2011	30 a 34	30	Mujeres	1945034.8198
2011	35 a 39	35	Hombres	2090009.2329
2011	35 a 39	35	Mujeres	1959358.7303
2011	40 a 44	40	Hombres	1945444.4334
2011	40 a 44	40	Mujeres	1862778.0682
2011	45 a 49	45	Hombres	1783445.442
2011	45 a 49	45	Mujeres	1758077.9149
2011	50 a 54	50	Hombres	1570932.0636
2011	50 a 54	50	Mujeres	1583591.9574
2011	55 a 59	55	Hombres	1303615.526
2011	55 a 59	55	Mujeres	1342274.989
2011	60 a 64	60	Hombres	1181935.7915
2011	60 a 64	60	Mujeres	1257853.3608
2011	65 a 69	65	Hombres	1000843.0286
2011	65 a 69	65	Mujeres	1102779.2903
2011	70 a 74	70	Hombres	806554.6369
2011	70 a 74	70	Mujeres	962408.7581
2011	75 a 79	75	Hombres	752521.726
2011	75 a 79	75	Mujeres	990717.0202
2011	80 a 84	80	Hombres	505462.7653
2011	80 a 84	80	Mujeres	785758.3904
2011	85 y más	85	Hombres	341169.4354
2011	85 y más	85	Mujeres	734780.9943
2012	0 a 4	0	Hombres	1278206.1887
2012	0 a 4	0	Mujeres	1198387.2538
2012	5 a 9	5	Hombres	1233541.7294
2012	5 a 9	5	Mujeres	1164267.991
2012	10 a 14	10	Hombres	1133020.3613
2012	10 a 14	10	Mujeres	1069517.6627
2012	15 a 19	15	Hombres	1132170.9457
2012	15 a 19	15	Mujeres	1067240.792
2012	20 a 24	20	Hombres	1272416.1492
2012	20 a 24	20	Mujeres	1231396.8266
2012	25 a 29	25	Hombres	1547932.3893
2012	25 a 29	25	Mujeres	1517981.785
2012	30 a 34	30	Hombres	1981932.6474
2012	30 a 34	30	Mujeres	1887523.4783
2012	35 a 39	35	Hombres	2107350.9858
2012	35 a 39	35	Mujeres	1983868.4261
2012	40 a 44	40	Hombres	1965303.2344
2012	40 a 44	40	Mujeres	1880784.2542
2012	45 a 49	45	Hombres	1820735.4332
2012	45 a 49	45	Mujeres	1790246.3959
2012	50 a 54	50	Hombres	1613014.6705
2012	50 a 54	50	Mujeres	1625272.2384
2012	55 a 59	55	Hombres	1340832.0753
2012	55 a 59	55	Mujeres	1379991.3168
2012	60 a 64	60	Hombres	1197145.2072
2012	60 a 64	60	Mujeres	1270097.3281
2012	65 a 69	65	Hombres	1042213.5788
2012	65 a 69	65	Mujeres	1150245.3206
2012	70 a 74	70	Hombres	785327.7129
2012	70 a 74	70	Mujeres	925266.0278
2012	75 a 79	75	Hombres	760327.5665
2012	75 a 79	75	Mujeres	1000294.7665
2012	80 a 84	80	Hombres	523081.4566
2012	80 a 84	80	Mujeres	801546.5229
2012	85 y más	85	Hombres	364456.4348
2012	85 y más	85	Mujeres	775278.6366
2013	0 a 4	0	Hombres	1250261.8416
2013	0 a 4	0	Mujeres	1172504.052
2013	5 a 9	5	Hombres	1256480.9176
2013	5 a 9	5	Mujeres	1184050.212
2013	10 a 14	10	Hombres	1146097.3886
2013	10 a 14	10	Mujeres	1080604.5421
2013	15 a 19	15	Hombres	1114479.1502
2013	15 a 19	15	Mujeres	1051129.6882
2013	20 a 24	20	Hombres	1241694.8777
2013	20 a 24	20	Mujeres	1201940.3325
2013	25 a 29	25	Hombres	1456220.3083
2013	25 a 29	25	Mujeres	1443412.8424
2013	30 a 34	30	Hombres	1873020.4272
2013	30 a 34	30	Mujeres	1811756.7631
2013	35 a 39	35	Hombres	2093321.0766
2013	35 a 39	35	Mujeres	1983800.6116
2013	40 a 44	40	Hombres	1968656.8601
2013	40 a 44	40	Mujeres	1886012.0975
2013	45 a 49	45	Hombres	1849193.6317
2013	45 a 49	45	Mujeres	1818983.4609
2013	50 a 54	50	Hombres	1636315.9761
2013	50 a 54	50	Mujeres	1648642.2591
2013	55 a 59	55	Hombres	1375659.3464
2013	55 a 59	55	Mujeres	1419283.8732
2013	60 a 64	60	Hombres	1215561.3275
2013	60 a 64	60	Mujeres	1286727.493
2013	65 a 69	65	Hombres	1078145.735
2013	65 a 69	65	Mujeres	1190748.1023
2013	70 a 74	70	Hombres	789592.5731
2013	70 a 74	70	Mujeres	924047.1576
2013	75 a 79	75	Hombres	747103.1505
2013	75 a 79	75	Mujeres	979002.2883
2013	80 a 84	80	Hombres	544043.4656
2013	80 a 84	80	Mujeres	825163.9136
2013	85 y más	85	Hombres	381910.1367
2013	85 y más	85	Mujeres	802322.1835
2014	0 a 4	0	Hombres	1196687.7762
2014	0 a 4	0	Mujeres	1123924.1032
2014	5 a 9	5	Hombres	1277952.8043
2014	5 a 9	5	Mujeres	1200545.4378
2014	10 a 14	10	Hombres	1165623.7229
2014	10 a 14	10	Mujeres	1102219.0113
2014	15 a 19	15	Hombres	1102241.7574
2014	15 a 19	15	Mujeres	1038328.6245
2014	20 a 24	20	Hombres	1207761.038
2014	20 a 24	20	Mujeres	1166855.5428
2014	25 a 29	25	Hombres	1376954.149
2014	25 a 29	25	Mujeres	1372353.4994
2014	30 a 34	30	Hombres	1744290.7385
2014	30 a 34	30	Mujeres	1711916.9635
2014	35 a 39	35	Hombres	2062084.5153
2014	35 a 39	35	Mujeres	1970685.3371
2014	40 a 44	40	Hombres	1968429.1909
2014	40 a 44	40	Mujeres	1890389.9271
2014	45 a 49	45	Hombres	1859982.1795
2014	45 a 49	45	Mujeres	1829883.5473
2014	50 a 54	50	Hombres	1660862.4123
2014	50 a 54	50	Mujeres	1672509.3691
2014	55 a 59	55	Hombres	1416519.6032
2014	55 a 59	55	Mujeres	1461283.0477
2014	60 a 64	60	Hombres	1211424.5062
2014	60 a 64	60	Mujeres	1280467.7132
2014	65 a 69	65	Hombres	1106689.9054
2014	65 a 69	65	Mujeres	1220744.1525
2014	70 a 74	70	Hombres	836504.7009
2014	70 a 74	70	Mujeres	973453.6916
2014	75 a 79	75	Hombres	716562.2087
2014	75 a 79	75	Mujeres	935676.0337
2014	80 a 84	80	Hombres	561171.5105
2014	80 a 84	80	Mujeres	842088.4191
2014	85 y más	85	Hombres	405718.4603
2014	85 y más	85	Mujeres	841413.3405
2015	0 a 4	0	Hombres	1163218.2896
2015	0 a 4	0	Mujeres	1093474.3501
2015	5 a 9	5	Hombres	1281688.9548
2015	5 a 9	5	Mujeres	1202687.1724
2015	10 a 14	10	Hombres	1187484.1331
2015	10 a 14	10	Mujeres	1120525.1349
2015	15 a 19	15	Hombres	1107969.0269
2015	15 a 19	15	Mujeres	1045326.4687
2015	20 a 24	20	Hombres	1181541.097
2015	20 a 24	20	Mujeres	1137759.0623
2015	25 a 29	25	Hombres	1321886.1936
2015	25 a 29	25	Mujeres	1318453.2686
2015	30 a 34	30	Hombres	1642803.2777
2015	30 a 34	30	Mujeres	1627060.8081
2015	35 a 39	35	Hombres	2011296.9559
2015	35 a 39	35	Mujeres	1938493.1636
2015	40 a 44	40	Hombres	1982453.7636
2015	40 a 44	40	Mujeres	1907214.2068
2015	45 a 49	45	Hombres	1861330.5817
2015	45 a 49	45	Mujeres	1829677.7485
2015	50 a 54	50	Hombres	1698889.0902
2015	50 a 54	50	Mujeres	1710108.2294
2015	55 a 59	55	Hombres	1467132.3983
2015	55 a 59	55	Mujeres	1511242.0634
2015	60 a 64	60	Hombres	1219620.8644
2015	60 a 64	60	Mujeres	1288215.515
2015	65 a 69	65	Hombres	1120626.5874
2015	65 a 69	65	Mujeres	1236886.6066
2015	70 a 74	70	Hombres	902509.6973
2015	70 a 74	70	Mujeres	1046518.0825
2015	75 a 79	75	Hombres	673644.9509
2015	75 a 79	75	Mujeres	879421.0379
2015	80 a 84	80	Hombres	573317.4206
2015	80 a 84	80	Mujeres	852247.573
2015	85 y más	85	Hombres	429132.6751
2015	85 y más	85	Mujeres	877708.342
